6,0,0.0,1.0,1.0,1.0,1.0,1.0,19.6,14.8,37.3,0.396782842,1.0,0.0,1.0,1.0,1.0,41.7,92.6,7028.0,8047.0,7503.0,0.0,1.0,95.8,42.1,53.3,0.7890625,23.95,13.325,10.525,4.0,57.7,38.1,22.2,2.0,1.5144356959999998,0.582677165,1.0,38.1,,,,,,,,,3.9,4.6,40.3,42.9,47.4,0.9050632909999999,2.2,18.31818182,19.5,21.54545455,85.8,94.8,43.6,52.8,0.825757576,1.6,99.8,59.9,39.6,1.512626263,0.0,99.9,55.0,44.6,1.233183857,0.0034,32.1,2800,1800,530,310,2310.0,2290.0,0.0,0.0,870.0,390.0,140.0,290.0,1.01,0.54,2.81,38.47,0.27,0.7,0.11,1.35,55.78,0.46,0.27,0.25,23.87,,,0.54,3.18,36.89,0.27,0.7,0.11,1.61,251.08,0.79,0.27,0.34,25.82,,2.13,0.54,4.14,45.57,0.27,0.7,0.11,2.25,264.79,1.95,0.27,1.19,20.72,,2.86,0.54,3.91,48.49,3.03,0.7,0.11,2.34,199.24,3.81,0.27,0.25,18.92,
9,0,0.0,1.0,1.0,1.0,1.0,1.0,42.0,16.4,29.7,0.552188552,1.0,0.0,3.0,0.0,1.0,3.1,245.9,3657.0,,,0.0,1.0,79.3,61.1,12.3,4.979591837,8.01010101,1.242424242,6.171717172,9.9,67.7,49.0,16.8,3.0,6.6372549020000005,1.6470588240000001,4.803921569,10.2,,,,,,,,,731.9,72.0,25.6,20.1,3.4,5.9117647060000005,2.7,9.481481481,7.444444444,1.259259259,,,,,,,99.7,84.4,12.1,6.975206612000001,0.0,99.9,78.6,17.2,4.569767442,,18.8,1410,70,320,0,680.0,540.0,60.0,60.0,190.0,1.0,1.0,1.0,16.21,0.47,5.67,36.39,0.27,1.25,0.11,2.93,12.6,13.18,0.29,0.82,9.58,373.73,11.59,0.57,5.66,33.93,0.27,1.3,0.11,3.04,27.97,6.77,0.29,0.82,7.96,486.78,112.31,1.12,4.81,31.75,0.27,1.49,0.11,37.92,55.95,15.17,0.42,0.82,13.52,447.55,493.16,0.58,8.8,85.88,0.35,1.63,0.12,39.16,143.12,56.94,0.39,1.15,15.07,746.89
16,1,,,,,,,,,,,,,,,,,,,,,,,35.6,24.2,10.7,2.254237288,,,,11.1,,,,,,,,,,,,,,,,,,,29.0,19.0,8.4,2.261904762,8.9,,,,,91.6,61.6,29.6,2.0810810809999998,,,,,,,,,,,,,3460,1210,1620,20,,,,,,,,,,,,,,,,,,,,,,,,,,,,,,,,,,,,,,,,,,,,,,,,,,,,,,,,,,,,,,,,
25,0,0.0,0.0,1.0,0.0,0.0,1.0,78.0,14.8,1.7,8.705882353,1.0,0.0,1.0,0.0,0.0,2.5,7.9,2743.0,,,0.0,0.0,96.5,52.1,43.9,1.1867088609999998,30.15625,13.71875,16.28125,3.2,,,,,,,,,92.7,49.8,41.0,1.2146341459999999,13.24285714,5.857142857,7.114285714,7.0,0.0,0.0,63.9,32.8,30.2,1.086092715,2.3,27.7826087,14.26086957,13.13043478,88.9,,,,,,99.8,54.2,45.5,1.191208791,0.1,99.8,42.8,56.9,0.7521968370000001,,31.7,3920,1630,2160,140,790.0,680.0,90.0,0.0,,,,,24.93,0.49,21.08,147.01,0.23,0.96,0.13,5.35,19.94,1.25,0.29,0.77,15.08,,,,,,,,,,,,,,,,46.43,0.72,7.05,59.9,0.38,1.31,0.13,5.95,52.13,1.38,0.77,0.77,7.23,,35.93,0.57,6.51,50.33,0.81,1.14,0.13,4.07,36.78,1.83,0.8,0.77,5.05,
37,0,0.0,1.0,1.0,1.0,0.0,0.0,2.6,54.1,37.6,1.438829787,0.0,0.0,2.0,0.0,2.0,0.4,82.1,1770.0,,,0.0,1.0,71.7,45.5,22.6,2.013927577,3.983333333,1.255555556,2.527777778,18.0,,,,,,,,,96.4,82.1,10.9,7.5,60.25,6.8125,51.3125,1.6,423.6,62.0,64.7,44.0,17.1,2.573099415,8.2,7.890243902000001,5.365853659,2.085365854,80.3,,,,,11.2,99.4,76.9,20.9,3.6794258369999997,0.2,99.8,70.9,26.8,2.6455223880000003,,47.8,4390,2380,1220,550,2770.0,2290.0,100.0,160.0,2150.0,1320.0,430.0,120.0,24.99,2.99,4.82,38.53,0.33,2.46,2.46,1.38,7.83,0.64,0.3,0.73,16.81,222.17,25.89,2.99,4.56,25.26,0.33,3.17,3.17,2.6,9.69,2.6,0.3,0.73,16.72,232.97,45.66,2.99,6.46,36.99,0.33,3.08,3.08,6.48,11.3,15.86,0.3,0.73,15.3,270.88,72.17,2.99,10.89,62.43,0.33,2.65,2.65,12.28,20.61,31.58,0.3,0.73,11.59,633.19
41,0,0.0,1.0,1.0,0.0,0.0,1.0,0.4,69.6,8.8,7.909090909,0.0,0.0,1.0,0.0,1.0,2.3,301.0,1150.0,,,0.0,1.0,61.8,34.4,21.4,1.606879607,10.47457627,3.627118644,5.830508475,5.9,84.1,52.1,23.4,2.226495726,11.68055556,3.25,7.2361111110000005,7.2,95.2,63.7,25.5,2.5,22.66666667,6.071428571,15.16666667,4.2,315.8,52.3,47.9,22.5,20.8,1.081730769,4.6,10.41304348,4.891304348,4.52173913,83.3,,,,,,99.7,68.0,30.7,2.214983713,0.0,99.9,63.6,35.4,1.796610169,,50.1,4930,2430,1900,450,3980.0,3650.0,100.0,40.0,3620.0,2600.0,520.0,20.0,153.88,2.99,4.56,28.55,0.33,5.24,0.13,7.7,26.39,3.64,0.39,0.91,17.08,,15.12,2.99,5.34,25.77,0.33,1.37,0.13,1.25,16.27,3.85,0.3,0.73,9.81,,30.25,2.99,6.0,33.73,0.33,1.47,0.13,1.66,16.05,7.02,0.3,0.73,7.55,,120.32,3.06,8.51,65.37,0.33,2.96,0.13,5.83,16.75,23.53,0.3,0.73,6.97,
49,0,0.0,0.0,0.0,0.0,0.0,1.0,35.1,40.4,26.6,1.518796992,0.0,0.0,2.0,1.0,0.0,16.0,29.3,185.0,325.0,220.0,0.0,0.0,36.6,16.8,19.2,0.875,1.112462006,0.583586626,0.5106382979999999,32.9,75.5,52.1,21.8,2.389908257,8.206521739,2.369565217,5.663043478,9.2,,,,,,,,,0.0,0.0,24.7,12.1,11.9,1.016806723,9.1,2.714285714,1.32967033,1.307692308,82.5,87.5,43.6,43.2,1.009259259,0.8,99.7,77.1,22.1,3.488687783,0.2,99.9,76.8,22.7,3.3832599119999998,0.1,33.8,5050,3810,540,340,4480.0,3860.0,100.0,100.0,,,,,10.19,0.55,3.39,23.0,0.28,0.75,0.14,1.76,6.67,0.27,0.24,0.24,11.52,,4.38,0.55,2.08,23.0,0.28,0.75,0.14,0.61,5.5,0.18,0.24,0.24,9.33,,4.47,0.55,2.23,23.0,0.28,0.75,0.14,0.69,5.68,0.21,0.24,0.24,8.18,,4.02,0.55,2.31,23.0,0.28,0.75,0.14,1.09,445.0,0.22,0.24,0.24,7.41,
61,1,,,,,,,,,,,,,,,,,,,,,,,14.7,11.8,2.9,4.0625,,,,81.8,,,,,,,,,,,,,,,,,,,2.1,1.6,0.4,4.0,18.0,,,,,,,,,,,,,,,,,,,,,2790,1120,550,170,,,,,,,,,,,,,,,,,,,,,,,,,,,,,,,,,,,,,,,,,,,,,,,,,,,,,,,,,,,,,,,,
62,1,,,,,,,,,,,0.0,,1.0,,,,,,,,,,63.6,41.4,20.8,1.986666667,,,,35.4,,,,,,,,,,,,,,,,,,,38.43,22.69,14.61,1.553045859,26.6,,,,,84.98,55.35,29.18,1.896847156,6.25,,,,,,,,,,,,3790,3060,360,280,,,,,,,,,,,,,,,,,,,,,,,,,,,,,,,,,,,,,,,,,,,,,,,,,,,,,,,,,,,,,,,,
95,0,1.0,1.0,0.0,1.0,0.0,0.0,0.63,96.2,3.8,25.31578947,0.0,1.0,1.0,1.0,2.0,1.0,203.4,1917.0,1701.0,14063.0,1.0,1.0,81.1,38.9,42.0,0.9347826090000001,4.431693988999999,2.295081967,2.12568306,18.3,92.6,59.6,32.5,1.833846154,16.24561404,5.701754386,10.45614035,5.7,92.3,31.5,61.4,0.513513514,12.30666667,8.186666667,4.2,7.5,816.6,83.0,18.9,8.1,9.7,0.835051546,7.6,2.486842105,1.065789474,1.276315789,93.6,93.6,44.6,48.7,0.915811088,0.6,99.8,33.4,65.7,0.508371385,0.0,99.9,33.1,66.1,0.50075643,0.0,36.4,3920,3180,310,430,10880.0,9790.0,90.0,660.0,1850.0,1530.0,80.0,100.0,12.96,0.54,6.7,30.06,0.28,0.72,0.12,3.23,5.53,0.89,0.26,0.69,23.47,1106.86,,0.59,3.3,26.6,0.28,2.32,0.12,6.38,8.32,4.43,0.26,0.69,27.32,578.63,95.09,0.74,4.6,27.67,0.28,4.24,0.12,15.31,11.59,24.61,0.26,0.69,26.09,567.0,495.5,1.44,0.42,41.61,0.28,0.72,0.12,20.4,40.59,40.41,0.26,0.41,39.41,889.34
143,0,1.0,1.0,1.0,0.0,1.0,0.0,42.2,51.5,4.7,10.95744681,1.0,0.0,1.0,1.0,2.0,9.2,301.0,1851.0,2318.0,8500.0,0.0,1.0,92.5,39.4,47.5,0.831578947,13.4057971,6.884057971,5.710144927999999,6.9,,,,,,,,,96.9,66.6,27.0,2.4565217390000003,30.28125,8.4375,20.8125,3.2,181.0,85.0,72.8,30.8,38.5,0.8,5.7,12.77192982,5.403508772,6.754385965,91.9,94.3,43.9,50.2,0.874501992,1.6,99.9,50.2,49.3,1.018255578,0.0,99.8,47.7,51.9,0.919075145,0.0,38.4,2010,1250,580,90,620.0,480.0,70.0,20.0,1490.0,1280.0,130.0,30.0,1.57,0.54,2.57,27.4,0.28,0.7,0.14,0.78,15.45,0.17,0.25,0.24,22.05,,,0.54,2.64,27.4,0.28,0.7,0.14,2.14,19.76,1.07,0.25,0.24,21.32,,18.42,0.54,4.1,27.4,0.28,0.7,0.14,4.45,17.43,10.34,0.25,0.24,23.57,,211.81,0.54,9.08,54.38,0.35,0.7,0.14,27.12,40.97,168.55,0.25,0.24,39.48,
145,0,0.0,1.0,0.0,0.0,0.0,1.0,60.0,75.0,19.3,3.886010363,1.0,0.0,1.0,1.0,2.0,8.5,280.0,2376.0,1258.0,94587.0,1.0,1.0,85.4,57.3,27.3,2.100917431,44.94736842,14.36842105,30.15789474,1.9,94.9,69.8,24.0,2.882352941,79.08333333,20.0,58.16666667,1.2,98.6,84.8,13.5,6.181818182000001,123.25,16.875,106.0,0.8,418.6,87.0,84.3,55.4,27.1,2.0442804430000003,2.0,42.15,27.7,13.55,88.6,92.9,62.1,30.1,2.063122924,,99.8,64.2,35.4,1.813559322,0.1,99.9,63.2,36.4,1.736263736,0.0,37.1,580,160,400,0,2420.0,2170.0,150.0,30.0,2000.0,1590.0,160.0,100.0,2.12,0.54,1.39,27.8,0.28,0.72,0.12,2.65,8.85,0.35,0.26,0.41,14.16,181.63,,0.84,2.09,26.44,0.28,0.72,0.12,4.31,16.77,3.71,0.26,0.28,14.14,215.56,272.64,0.54,7.36,165.15,0.28,0.72,0.15,51.81,67.79,157.53,0.26,0.28,20.38,333.07,837.68,0.54,5.75,48.33,0.92,0.72,0.31,168.6,120.03,117.5,0.45,0.28,13.48,1052.87
173,0,1.0,1.0,1.0,0.0,0.0,1.0,90.0,87.9,6.5,13.52307692,1.0,1.0,1.0,1.0,2.0,232.7,301.0,4985.0,9059.0,35430.0,1.0,1.0,95.4,55.1,37.0,1.489414695,36.69230769,14.23076923,21.19230769,2.6,,,,,,,,,,,,,,,,,,,84.78,45.36,33.91,1.337658508,1.95,43.47692308,23.26153846,17.38974359,94.04,97.24,59.1,37.49,1.576420379,1.18,99.84,62.91,36.3,1.7330578509999999,0.04,99.82,57.52,41.93,1.37181016,0.03,52.41,3870,860,2820,60,500.0,430.0,40.0,0.0,320.0,10.0,270.0,20.0,,,,,,,,,,,,,,,,,,,,,,,,,,,,,,,,,,,,,,,,,,,,,,,,,,,,,,,,
186,0,0.0,0.0,1.0,0.0,1.0,1.0,99.0,,,,1.0,1.0,1.0,0.0,0.0,272.4,301.0,9375.0,,,0.0,0.0,84.4,11.9,70.8,0.167964405,5.7414965989999995,4.8163265310000005,0.80952381,14.7,,,,,,,,,69.7,26.6,43.6,0.605504587,2.3233333330000003,1.4533333330000002,0.8866666670000001,30.0,2.0,1.1,49.8,8.0,39.2,0.204081633,6.3,7.904761905,1.26984127,6.222222222,80.5,,,,,,98.5,28.9,68.2,0.42375366600000003,0.8,98.8,13.4,84.9,0.157832744,,50.2,8730,3540,4620,470,1070.0,560.0,140.0,0.0,,,,,9.08,0.49,26.3,55.95,0.41,1.34,0.13,25.11,118.86,1.89,0.27,0.82,24.61,,23.45,0.64,14.5,50.35,0.23,1.54,0.13,12.08,118.86,2.21,0.22,0.82,15.45,,,,,,,,,,,,,,,,39.32,0.65,15.67,63.22,0.23,1.85,0.13,15.41,162.34,6.05,0.21,0.82,12.46,
191,0,0.0,1.0,1.0,0.0,0.0,0.0,,65.3,13.5,4.837037037,,0.0,2.0,1.0,1.0,0.4,191.8,336.0,615.0,543.0,0.0,1.0,65.4,33.4,29.4,1.136125654,6.884210526,3.094736842,3.515789474,9.5,82.6,49.2,30.7,1.6026058630000002,7.509090909,2.790909091,4.472727273,11.0,98.2,79.9,14.3,5.62962963,81.83333333,11.91666667,66.58333333,1.2,359.2,73.5,49.7,23.3,24.3,0.958847737,4.3,11.55813953,5.418604651,5.651162791,81.5,,,,,,98.3,77.0,16.8,4.583333333,0.7,99.0,81.4,13.5,6.02962963,0.41600000000000004,39.2,6170,3920,1290,640,2120.0,1970.0,40.0,10.0,1060.0,400.0,390.0,150.0,8.04,0.54,3.63,28.24,0.29,0.71,0.12,1.89,7.21,0.62,0.25,0.26,22.74,173.44,3.99,0.54,1.99,28.24,0.29,0.71,0.12,1.04,7.79,0.48,0.25,0.26,18.86,175.58,11.1,0.54,2.41,28.24,0.29,0.71,0.12,1.62,6.57,2.57,0.25,0.26,18.91,153.61,150.77,0.54,4.18,28.24,0.24,0.71,0.12,3.3,8.33,13.85,0.25,0.26,18.18,154.04
263,0,1.0,1.0,1.0,0.0,1.0,1.0,71.4,81.1,4.9,16.55102041,1.0,0.0,2.0,1.0,1.0,8.5,301.0,1116.0,1046.0,38117.0,1.0,1.0,76.1,34.5,40.7,0.846846847,12.89830508,6.898305085,5.847457627000001,5.9,87.2,50.7,34.4,1.475,96.88888889,38.22222222,56.33333333,0.9,97.2,77.5,17.7,4.181818182,138.8571429,25.28571429,110.7142857,0.7,995.0,85.0,75.9,32.6,40.0,0.815,3.4,22.32352941,9.588235294,11.76470588,92.7,96.3,42.5,52.5,0.80952381,0.4,99.9,49.2,50.5,0.974257426,0.0,100.0,39.8,59.8,0.665551839,0.0107,40.7,1210,80,1110,10,440.0,320.0,100.0,0.0,340.0,280.0,60.0,0.0,18.12,0.55,5.96,29.7,0.28,,0.14,4.22,31.3,0.6,,,25.69,475.17,,,,,,,,,,,,,,,58.81,1.08,3.87,23.0,0.28,0.75,0.14,12.77,16.62,18.09,0.24,0.27,25.33,487.07,755.07,0.72,5.65,30.49,0.28,0.75,0.14,45.76,52.9,122.15,0.24,0.27,29.49,865.2
278,0,0.0,1.0,1.0,0.0,1.0,1.0,94.0,90.5,9.5,9.526315789,1.0,1.0,2.0,0.0,1.0,15.6,250.5,2246.0,2139.0,14349.0,0.0,1.0,89.4,60.1,28.6,2.101769912,9.216494845,2.9484536080000003,6.195876289,9.7,94.3,70.8,23.2,3.054054054,18.13461538,4.461538462,13.61538462,5.2,97.6,86.7,11.8,7.25,81.33333333,9.833333332999999,72.25,1.2,3593.2,77.0,66.7,42.9,22.5,1.9066666669999999,1.4,47.64285714,30.64285714,16.07142857,70.0,,,,,,99.8,68.9,30.2,2.2814569540000003,0.0,99.5,60.5,38.0,1.592105263,,15.4,7360,4750,1580,770,340.0,210.0,60.0,10.0,310.0,170.0,100.0,10.0,4.48,0.47,3.19,57.5,0.27,0.83,0.83,5.48,21.46,3.18,0.23,0.8,19.57,292.94,110.16,5.92,7.4,61.89,0.27,9.41,9.41,15.68,36.76,16.86,0.62,0.8,12.04,440.0,292.26,5.81,13.28,107.31,0.27,1.13,1.13,137.73,128.66,54.68,0.59,0.8,12.88,621.81,119.46,0.81,8.48,88.27,0.49,0.76,0.76,37.36,106.5,15.56,0.27,1.14,4.75,1046.85
289,1,,,,,,,,,,,,,,,,,,,,,,,70.3,46.2,22.0,2.101246106,,,,12.2,,,,,,,,,,,,,,,,,,,9.6,6.1,3.2,1.90625,2.9,,,,,93.5,62.6,30.7,2.039087948,,,,,,,,,,,,,19340,770,2900,0,,,,,,,,,,,,,,,,,,,,,,,,,,,,,,,,,,,,,,,,,,,,,,,,,,,,,,,,,,,,,,,,
314,0,0.0,0.0,1.0,0.0,1.0,1.0,0.05,52.6,18.7,2.812834225,0.0,1.0,2.0,0.0,0.0,5.5,56.3,1421.0,1255.0,1112.0,0.0,0.0,95.5,33.8,57.0,0.593314763,23.875,14.25,8.45,4.0,78.0,56.8,19.2,2.952380952,5.954198473,1.465648855,4.335877863,13.1,93.5,66.8,23.1,2.857142857,17.31481481,4.277777778,12.37037037,5.4,3.8,2.6,67.5,24.8,34.3,0.72303207,7.2,9.375,3.4444444439999997,4.7638888889999995,69.9,,,,,,98.9,56.6,41.4,1.367149758,0.2,99.7,49.0,50.0,0.98,,28.8,3700,2640,710,270,4350.0,3910.0,120.0,230.0,,,,,7.95,0.47,5.86,29.46,0.47,0.93,0.93,3.41,11.41,1.26,0.29,1.15,18.65,,8.7,1.08,7.14,64.16,0.27,1.3,1.3,3.13,52.81,1.38,0.29,0.76,15.29,,7.64,1.21,4.3,19.12,0.27,0.92,0.92,2.32,8.98,1.42,0.29,0.76,12.86,,10.31,0.94,9.43,167.02,0.27,0.76,0.76,5.91,198.46,1.79,0.29,1.29,10.32,
347,0,0.0,1.0,1.0,1.0,0.0,0.0,0.2,18.5,6.5,2.8461538460000004,0.0,1.0,1.0,1.0,3.0,4.6,301.0,1041.0,999.0,1192.0,1.0,1.0,36.9,27.2,8.3,3.263157895,2.635714286,0.5928571429999999,1.9428571430000001,14.0,,,,,,,,,,,,,,,,,989.4,91.0,29.3,19.9,8.0,2.4875,10.3,2.844660194,1.932038835,0.7766990290000001,77.2,83.0,60.9,21.7,2.806451613,0.4,99.4,87.5,11.6,7.543103447999999,0.3,99.7,83.5,15.9,5.251572327,0.17600000000000002,48.3,2970,2190,550,170,1330.0,1170.0,80.0,70.0,390.0,260.0,60.0,50.0,12.65,0.54,3.94,26.68,0.32,0.71,0.12,25.82,11.04,1.35,0.25,0.42,27.23,260.72,,0.54,3.27,26.12,0.29,0.71,0.12,3.13,13.28,1.92,0.25,0.42,16.63,231.01,47.68,0.54,3.79,26.12,0.29,0.71,0.12,6.61,19.0,9.47,0.25,0.42,14.36,237.42,998.98,1.04,5.03,26.12,0.29,0.71,0.12,22.43,20.23,80.5,0.25,0.42,20.85,351.9
376,0,0.0,1.0,0.0,0.0,0.0,1.0,,51.4,10.5,4.895238095,,1.0,2.0,0.0,2.0,3.2,206.4,1675.0,1622.0,1425.0,,0.0,86.3,42.6,42.5,1.003623188,7.191666667000001,3.541666667,3.55,12.0,,,,,,,,,95.8,47.6,49.1,0.975903614,28.17647059,14.44117647,14.0,3.4,487.9,77.7,48.7,23.4,23.5,0.9957446809999999,4.9,9.93877551,4.775510204,4.795918367,76.5,,,,,,99.3,59.0,38.3,1.540469974,0.1,99.7,53.1,43.6,1.217889908,,27.9,2870,1680,590,530,2160.0,1870.0,90.0,50.0,790.0,460.0,120.0,180.0,,,,,,,,,,,,,,,,,,,,,,,,,,,,,,,,,,,,,,,,,,,,,,,,,,,,,,,,
379,0,0.0,0.0,0.0,0.0,0.0,1.0,20.0,64.8,35.2,1.8409090909999999,1.0,0.0,1.0,1.0,0.0,0.6,137.4,3082.0,1581.0,1360.0,0.0,0.0,71.7,43.6,25.0,1.710526316,2.7790697669999997,0.968992248,1.689922481,25.8,,,,,,,,,,,,,,,,,,,21.54,9.97,9.53,1.04616999,12.0,1.795,0.830833333,0.794166667,83.92,83.92,51.5,31.31,1.644841904,8.39,98.8,71.83,26.58,2.702407825,1.06,99.48,66.65,32.41,2.056464054,0.45,33.97,1910,1450,170,200,2850.0,2540.0,40.0,200.0,,,,,,,,,,,,,,,,,,,,,,,,,,,,,,,,,,,,,,,,,,,,,,,,,,,,,,,,,,,,
429,0,0.0,1.0,1.0,0.0,0.0,1.0,69.0,80.1,7.6,10.53947368,1.0,0.0,2.0,1.0,1.0,0.8,98.2,47948.0,1908.0,20816.0,0.0,1.0,93.1,66.1,26.5,2.492537313,15.01612903,4.274193548,10.66129032,6.2,,,,,,,,,92.4,75.4,15.6,4.6875,12.65753425,2.136986301,10.32876712,7.3,548.9,80.0,82.5,57.7,23.2,2.487068966,3.5,23.57142857,16.48571429,6.628571429,91.5,91.5,66.3,24.7,2.6842105259999998,0.5,99.9,75.4,24.3,3.102880658,0.0,99.9,65.0,34.5,1.8840579709999998,0.0,40.7,2890,2230,600,30,60.0,1.0,1.0,1.0,310.0,220.0,90.0,0.0,2.24,0.84,1.76,23.32,,0.75,0.14,1.0,12.0,0.36,0.27,0.41,45.19,887.86,4.69,0.88,2.41,26.36,0.29,0.71,0.12,1.71,17.94,2.33,0.25,0.31,27.02,430.6,21.12,0.77,2.9,26.36,0.29,0.71,0.12,2.41,13.23,22.34,0.25,0.25,21.76,325.68,170.65,1.34,10.53,48.83,0.29,0.71,0.12,6.74,36.87,198.62,0.25,0.25,27.1,440.66
440,0,0.0,1.0,1.0,0.0,0.0,1.0,69.2,7.6,0.7,10.85714286,1.0,0.0,2.0,0.0,1.0,4.7,132.4,1979.0,2282.0,5920.0,0.0,1.0,55.1,18.3,34.3,0.533175355,7.445945946,4.635135135,2.472972973,7.4,72.8,19.3,47.6,0.405462185,19.15789474,12.52631579,5.078947368,3.8,82.8,21.2,57.0,0.37327188899999997,6.179104477999999,4.253731343,1.5820895519999998,13.4,2831.0,80.0,19.7,5.9,12.5,0.47200000000000003,2.4,8.208333332999999,2.458333333,5.208333333,48.9,,,,,,99.3,69.9,27.2,2.5698529409999997,0.0,99.8,59.8,38.1,1.569553806,0.0,48.7,3420,1740,920,440,1190.0,900.0,100.0,80.0,1090.0,420.0,540.0,80.0,41.9,0.552,3.01,27.18,0.276,0.792,0.792,8.82,19.7,2.74,0.4,0.29600000000000004,6.46,453.67,138.67,0.552,4.26,37.94,0.276,0.9,0.9,3.3,21.37,6.8,0.44,0.29600000000000004,5.388,579.13,547.34,0.552,3.88,34.6,0.276,0.892,0.792,23.34,66.75,37.26,0.3,0.29600000000000004,4.232,689.09,3460.0,0.643,3.97,61.03,0.276,0.792,0.792,38.18,108.91,119.65,0.242,0.82,8.661,915.94
445,0,1.0,1.0,0.0,0.0,0.0,1.0,7.1,83.6,16.4,5.0975609760000005,1.0,0.0,1.0,1.0,2.0,0.3,46.7,1280.0,1127.0,19961.0,1.0,1.0,93.8,52.5,35.5,1.477011494,16.75,6.339285714,9.375,5.6,,,,,,,,,,,,,,,,,11345.5,87.0,80.85,37.52,31.91,1.175806957,6.49,12.45762712,5.7812018489999994,4.916795069,88.6,88.93,50.01,37.22,1.343632456,1.07,99.84,64.62,34.72,1.861175115,0.01,99.85,56.06,42.85,1.308284714,0.0,46.55,960,480,420,50,310.0,300.0,10.0,0.0,90.0,1.0,1.0,1.0,,,,,,,,,,,,,,,,,,,,,,,,,,,,,,,,,,,,,,,,,,,,,,,,,,,,,,,,
450,0,1.0,1.0,1.0,0.0,0.0,1.0,87.0,7.8,1.1,7.090909091,1.0,0.0,2.0,0.0,2.0,1.2,238.4,1339.0,1605.0,135900.0,0.0,1.0,83.5,23.4,59.1,0.395437262,7.522522522999999,5.324324324,2.108108108,11.1,96.3,46.7,47.2,0.98940678,56.64705882,27.76470588,27.47058824,1.7,99.9,74.5,23.0,3.178571429,199.8,46.0,149.0,0.5,2184.3,91.0,23.9,7.4,15.8,0.46835443,2.5,9.56,2.96,6.32,79.8,,,,,,99.8,59.0,38.3,1.540469974,0.0,99.9,46.3,51.0,0.9078431370000001,0.0,29.2,5540,3860,890,0,5910.0,3870.0,340.0,0.0,3800.0,3250.0,160.0,50.0,15.01,0.552,5.03,23.93,0.276,0.792,0.792,3.66,5.63,0.8,0.242,0.29600000000000004,15.470999999999998,254.87,25.14,0.552,4.38,29.42,0.276,0.792,0.792,1.45,43.03,4.61,0.242,0.29600000000000004,14.630999999999998,348.86,558.54,0.598,7.84,120.98,0.38,0.792,0.792,9.52,7.0,109.62,0.242,0.29600000000000004,21.384,443.7,3460.0,0.871,21.47,640.5,4.49,0.792,0.792,226.95,120.46,281.63,0.36,0.69,18.309,894.43
454,0,0.0,1.0,1.0,0.0,0.0,0.0,20.0,54.0,20.5,2.634146341,1.0,0.0,1.0,1.0,1.0,0.7,35.1,1152.0,1350.0,1001.0,1.0,1.0,52.6,23.3,28.6,0.8141135970000001,1.6593059940000001,0.9022082020000001,0.735015773,31.7,82.7,65.6,17.0,3.833333333,17.22916667,3.541666667,13.66666667,4.8,90.0,19.8,56.4,0.35093696799999996,11.25,7.05,2.475,8.0,609.9,49.0,46.5,20.2,24.9,0.81124498,27.5,1.690909091,0.734545455,0.905454545,85.0,96.3,42.3,53.5,0.7906542059999999,0.5,99.8,69.2,30.4,2.276315789,0.1,99.8,68.6,31.0,2.212903226,0.0478,32.2,4500,2070,2030,210,640.0,410.0,140.0,20.0,640.0,190.0,290.0,60.0,30.59,0.54,8.44,36.62,0.28,0.72,0.12,0.37,13.12,8.98,0.26,0.69,12.27,,,0.74,5.58,26.6,0.28,0.72,0.12,0.73,31.4,1.01,0.26,0.69,5.34,,20.14,0.54,5.4,26.6,0.28,0.72,0.12,0.39,33.32,1.74,0.26,0.69,3.77,,137.28,0.7,7.85,29.71,0.28,0.72,0.12,0.37,15.27,12.01,0.26,0.69,5.26,
458,0,0.0,1.0,1.0,0.0,0.0,1.0,91.0,6.2,1.9,3.263157895,1.0,0.0,2.0,0.0,2.0,8.2,258.6,,,,0.0,1.0,90.3,51.3,30.5,1.682038835,10.37931034,3.505747126,5.896551724,8.7,93.8,64.3,24.0,2.679166667,15.89830508,4.06779661,10.89830508,5.9,,,,,,,,,1216.8,75.0,73.5,42.6,25.3,1.683794466,3.8,19.34210526,11.21052632,6.657894737,80.0,,,,,5.8,99.4,72.5,25.7,2.821011673,0.2,99.8,67.6,30.8,2.194805195,,36.9,2630,880,1350,240,790.0,480.0,130.0,20.0,350.0,0.0,160.0,10.0,17.38,2.99,4.86,44.33,0.33,1.01,1.01,8.85,16.68,1.9,0.3,0.73,10.12,347.08,36.22,2.99,4.35,39.05,0.33,1.82,1.82,8.17,31.36,9.51,0.3,0.73,10.95,542.61,135.97,2.99,3.98,44.67,0.33,3.46,3.46,18.28,53.67,43.88,0.3,0.73,10.59,677.73,1117.56,5.98,9.94,67.12,3.01,1.26,1.26,61.37,501.28,129.96,0.6,1.89,14.26,831.58
478,0,0.0,1.0,0.0,0.0,0.0,0.0,18.6,60.1,8.4,7.154761905,1.0,0.0,2.0,0.0,4.0,4.2,158.8,1507.0,737.0,,1.0,,87.4,50.8,35.6,1.426966292,9.010309278,3.6701030930000003,5.237113402,9.7,94.0,55.1,37.8,1.4576719580000002,20.43478261,8.217391304,11.97826087,4.6,88.6,32.1,56.0,0.573667712,12.65714286,8.0,4.585714286,7.0,,,81.9,43.4,37.0,1.172972973,6.4,12.796875,6.78125,5.78125,89.4,,,,,,99.8,45.3,54.0,0.838888889,0.1,99.8,40.8,58.5,0.6974358970000001,0.1,35.0,5370,3070,1250,840,5510.0,4190.0,250.0,570.0,8820.0,5710.0,570.0,1150.0,3.59,0.552,2.7,19.4,0.276,0.792,0.792,0.79,1.79,1.87,0.242,0.272,8.37,261.53,4.9,0.552,2.56,19.4,0.276,1.14,1.14,2.16,1.42,2.08,0.242,0.272,5.3,289.43,50.81,0.552,6.4,86.32,0.276,0.792,0.792,7.74,6.65,50.81,0.242,0.272,8.08,335.17,,0.71,11.79,180.18,0.5,4.41,4.41,30.09,23.46,,,0.5,12.95,
490,0,1.0,1.0,1.0,0.0,0.0,0.0,39.3,39.5,2.4,16.45833333,1.0,0.0,2.0,0.0,2.0,78.9,301.0,4303.0,4033.0,70165.0,1.0,1.0,59.0,36.7,21.1,1.736842105,34.70588235,12.41176471,21.58823529,1.7,94.0,68.5,23.8,2.8604651160000003,85.45454545,21.63636364,62.27272727,1.1,98.8,54.7,40.9,1.343137255,141.1428571,58.42857143,78.14285714,0.7,45.3,62.0,48.1,27.3,19.1,1.429319372,2.3,20.91304348,11.86956522,8.304347826,,,,,,,99.6,79.6,18.8,4.234042553,0.0,99.8,76.8,22.3,3.443946188,,40.7,3440,2530,640,260,4060.0,3960.0,60.0,0.0,660.0,570.0,80.0,0.0,11.89,0.47,10.13,52.12,0.27,1.56,1.56,3.53,18.92,3.22,0.29,0.82,30.55,693.09,4.22,0.47,5.22,25.87,0.27,1.13,1.13,8.5,14.35,1.83,0.29,0.82,7.98,567.13,17.15,0.47,6.75,33.94,0.27,0.97,0.97,10.94,22.63,9.5,0.29,0.82,12.37,564.57,206.3,0.8,9.01,52.12,0.27,1.21,1.21,86.95,58.74,166.18,0.84,1.69,21.41,871.96
511,0,0.0,1.0,1.0,1.0,0.0,0.0,50.0,38.7,25.0,1.548,1.0,0.0,3.0,0.0,2.0,301.0,301.0,476.0,,,0.0,0.0,58.1,11.0,46.1,0.23776223800000001,1.53298153,1.216358839,0.29023746699999997,37.9,63.9,10.2,52.8,0.193181818,2.061290323,1.7032258059999998,0.329032258,31.0,58.3,16.9,40.8,0.414215686,1.670487106,1.1690544409999999,0.484240688,34.9,14.8,14.3,53.5,10.9,41.1,0.265206813,34.7,1.5417867440000002,0.314121037,1.18443804,54.9,,,,,,94.9,75.5,18.2,4.148351648,4.3,96.8,67.0,28.6,2.342657343,,33.4,1430,440,930,10,2350.0,1840.0,240.0,0.0,380.0,270.0,70.0,0.0,3.69,0.47,16.11,51.41,0.54,1.62,0.17,111.65,121.1,1.7,0.73,1.01,12.39,663.84,25.56,6.6,13.06,60.51,0.27,2.81,0.11,69.53,42.31,12.07,0.46,0.8,24.83,1125.77,1788.0,1.05,13.51,64.86,0.27,0.76,0.11,6.74,41.96,16.08,0.23,0.8,14.56,1103.92,41.72,0.81,15.81,133.9,0.27,0.76,0.11,5.35,130.26,36.72,0.23,0.8,12.98,997.64
527,0,0.0,1.0,0.0,1.0,0.0,1.0,40.0,74.9,20.1,3.7263681589999997,1.0,0.0,1.0,1.0,1.0,0.3,83.0,752.0,939.0,6893.0,1.0,1.0,88.5,38.5,47.3,0.813664596,13.01470588,6.955882353,5.6617647060000005,6.8,94.3,59.1,31.2,1.894230769,16.54385965,5.473684211,10.36842105,5.7,,,,,,,,,613.8,78.8,92.24,44.37,44.43,0.9986495609999999,4.14,22.28019324,10.7173913,10.73188406,97.65,97.65,50.22,46.91,1.070560648,0.69,99.92,49.78,49.83,0.998996588,0.01,99.88,43.15,56.37,0.765478091,0.01,20.73,1230,550,660,20,860.0,660.0,160.0,200.0,690.0,430.0,230.0,20.0,,,,,,,,,,,,,,,,,,,,,,,,,,,,,,,,,,,,,,,,,,,,,,,,,,,,,,,,
546,0,0.0,1.0,1.0,1.0,0.0,1.0,99.0,0.8,0.5,1.6,1.0,0.0,1.0,0.0,2.0,143.4,301.0,4890.0,,,0.0,0.0,75.0,61.2,14.0,4.40625,4.285714286,0.8,3.497142857,17.5,,,,,,,,,,,,,,,,,0.6,5.0,41.5,34.9,6.1,5.721311475,9.6,4.322916667,3.635416667,0.635416667,,,,,,,99.5,94.5,4.6,20.54347826,0.2,99.6,94.2,5.0,18.84,,45.0,690,130,230,50,370.0,0.0,40.0,0.0,410.0,0.0,90.0,0.0,12.63,2.23,6.24,69.53,0.54,1.36,0.13,21.35,95.96,1.28,0.27,0.77,47.75,,13.66,2.84,6.18,65.11,0.51,2.11,0.13,24.77,93.16,1.57,0.27,1.12,44.19,,37.28,3.66,8.8,99.68,0.63,2.64,0.13,23.41,120.83,3.28,0.27,0.91,39.1,,294.81,3.64,9.62,85.59,1.21,2.34,0.13,65.57,136.62,16.75,0.42,1.25,63.09,
556,1,0.0,0.0,0.0,,,,,,,,1.0,0.0,2.0,0.0,0.0,,167.3,,,,0.0,0.0,90.0,43.5,39.5,1.101973684,,,,9.5,,,,,,,,,,,,,,,,,,,66.4,23.5,36.2,0.649171271,6.5,,,,,,,,,,,,,,,,,,,,,6970,4000,770,600,7830.0,4310.0,460.0,0.0,,,,,9.28,0.552,6.82,26.49,0.91,0.91,0.91,6.9,12.83,4.25,4.25,0.272,34.18,,1.95,0.552,7.17,23.1,0.92,0.792,0.792,2.28,9.83,5.15,5.15,0.272,19.6,,1.48,0.552,15.38,52.57,0.75,0.792,0.792,2.38,26.57,3.25,3.25,0.272,19.33,,3.59,0.552,17.2,40.8,0.35,0.792,0.792,3.62,43.65,1.27,1.27,0.48,18.64,
566,0,0.0,1.0,1.0,1.0,0.0,0.0,52.6,78.3,21.6,3.625,1.0,0.0,1.0,1.0,1.0,0.6,301.0,3257.0,1066.0,25353.0,1.0,1.0,51.9,13.4,36.6,0.37254902,1.133187773,0.799126638,0.292576419,45.8,,,,,,,,,98.0,21.7,60.7,0.358208955,61.25,37.9375,13.5625,1.6,877.1,73.5,54.6,20.3,31.8,0.63836478,24.1,2.2655601659999998,0.842323651,1.319502075,83.3,84.4,30.6,53.3,0.574108818,8.3,98.5,73.4,24.8,2.9596774189999997,1.3,99.4,69.2,29.8,2.322147651,0.5,46.8,540,220,280,0,780.0,680.0,50.0,10.0,220.0,30.0,90.0,10.0,11.68,0.54,7.04,26.68,0.29,0.71,0.12,1.7,26.35,0.91,0.25,0.42,29.63,391.54,120.47,2.02,9.95,26.68,0.29,9.48,0.12,8.96,65.79,2.87,0.25,0.42,31.81,680.58,333.27,7.72,12.83,57.7,0.49,10.07,0.13,99.3,169.89,102.68,0.3,0.71,34.97,1010.37,2312.9,5.21,13.08,158.87,1.03,5.35,0.44,224.47,234.03,360.45,0.7,1.12,34.24,962.87
570,0,1.0,1.0,0.0,1.0,0.0,1.0,66.0,97.0,2.8,34.64285714,1.0,0.0,1.0,1.0,2.0,40.3,294.2,1758.0,1676.0,3138.0,1.0,1.0,97.4,76.4,17.5,4.3571428569999995,74.92307692,13.46153846,58.76923077,1.3,,,,,,,,,,,,,,,,,44.9,46.0,76.0,52.5,15.0,3.5,0.8,95.0,65.625,18.75,90.4,90.4,74.6,19.9,3.7487437189999997,0.5,99.9,89.4,10.1,8.851485149,0.0,99.9,83.5,16.1,5.186335403999999,0.0,51.6,610,50,500,10,200.0,1.0,1.0,1.0,190.0,1.0,1.0,1.0,11.63,0.54,2.61,26.6,0.28,0.72,0.12,10.75,39.56,0.86,0.26,0.69,16.89,262.48,,0.54,3.16,26.6,0.28,1.22,0.12,9.53,56.33,3.17,0.26,0.69,15.64,233.12,40.96,0.54,4.53,26.6,0.28,0.95,0.12,9.12,53.77,8.53,0.26,0.69,16.22,285.02,182.14,0.69,6.42,30.24,0.28,0.9,0.12,13.9,57.95,22.6,0.26,0.69,22.61,392.58
591,0,0.0,1.0,0.0,0.0,0.0,1.0,2.6,41.3,39.2,1.053571429,0.0,0.0,2.0,0.0,1.0,3.5,54.4,37.0,75.0,77.0,0.0,1.0,74.3,41.3,30.9,1.336134454,2.983935743,1.240963855,1.658634538,24.9,,,,,,,,,92.4,60.2,29.3,2.042553191,12.48648649,3.9594594589999996,8.135135135,7.4,323.6,76.0,54.6,27.5,24.8,1.108870968,18.6,2.935483871,1.478494624,1.333333333,93.7,,,,,30.6,99.7,35.1,63.5,0.552755906,0.2,99.7,32.5,66.1,0.491679274,0.0,33.4,4430,2500,730,690,5910.0,5490.0,80.0,80.0,2790.0,2020.0,160.0,130.0,3.79,0.552,2.45,84.06,0.276,0.792,0.792,1.88,2.83,0.82,0.242,0.272,17.68,341.96,8.99,0.75,2.72,136.03,0.276,0.792,0.792,1.92,3.65,1.22,0.242,0.272,13.13,459.93,538.48,1.82,4.04,102.53,0.276,0.792,0.792,4.78,2.44,11.04,0.242,0.272,15.01,500.66,105.71,0.61,5.92,212.4,0.276,0.792,0.792,3.84,6.41,21.9,0.242,0.272,11.13,838.4
600,0,1.0,1.0,1.0,1.0,0.0,0.0,80.0,53.3,20.5,2.6,1.0,0.0,2.0,1.0,1.0,138.7,183.5,2429.0,3242.0,4673.0,0.0,1.0,83.3,28.8,52.4,0.54978355,5.7054794520000005,3.5890410960000003,1.97260274,14.6,,,,,,,,,,,,,,,,,653.8,74.0,56.7,20.1,33.2,0.605421687,9.7,5.845360825,2.072164948,3.422680412,48.0,88.4,30.7,56.7,0.541446208,2.3,99.6,63.7,35.0,1.82,0.2,99.1,53.8,44.4,1.211711712,0.1,31.0,3510,2650,440,350,80.0,1.0,1.0,1.0,280.0,40.0,240.0,0.0,4.32,0.55,1.31,23.92,0.28,0.75,0.14,4.89,46.09,1.36,0.24,0.26,14.83,686.91,26.66,1.53,2.79,23.92,0.28,0.88,0.14,2.53,68.4,7.17,0.24,0.26,11.37,679.48,115.1,2.58,4.41,34.34,0.28,2.8,0.14,8.22,74.38,22.11,0.24,0.42,12.16,809.05,374.4,6.14,8.42,95.82,0.32,5.94,0.14,40.29,131.57,61.53,0.24,0.39,13.89,1161.36
637,0,0.0,1.0,1.0,0.0,0.0,0.0,0.25,79.0,18.4,4.293478261000001,0.0,0.0,2.0,0.0,1.0,1.0,6.4,3947.0,,,0.0,1.0,94.2,19.6,75.0,0.245980707,20.04255319,15.95744681,4.170212766000001,4.7,,,,,,,,,97.0,10.5,84.8,0.122596154,37.30769231,32.61538462,4.038461538,2.6,480.5,36.2,81.5,19.0,61.6,0.308441558,2.7,30.18518519,7.037037037,22.81481481,69.1,,,,,4.1,99.6,30.8,68.2,0.45161290299999995,0.1,99.2,25.8,72.7,0.354883081,,23.4,2580,1020,1500,0,870.0,710.0,30.0,80.0,2230.0,510.0,1230.0,410.0,26.25,0.49,3.94,20.96,0.23,1.28,1.28,2.02,11.89,0.56,0.27,0.82,22.86,555.26,50.41,1.68,4.95,28.22,0.24,1.91,1.91,1.87,8.09,0.97,0.36,0.82,11.99,551.93,64.81,1.55,6.13,35.72,0.53,1.46,1.46,2.0,10.71,3.52,0.33,0.82,8.81,563.31,80.92,0.78,7.66,48.78,0.23,0.71,0.71,2.71,16.15,6.91,0.21,0.82,8.77,571.36
652,0,0.0,1.0,0.0,0.0,0.0,1.0,0.294,13.4,9.0,1.488888889,0.0,0.0,2.0,0.0,1.0,0.4,10.9,944.0,,,0.0,1.0,58.5,23.1,27.0,0.855670103,2.142857143,0.9890109890000001,0.846153846,27.3,,,,,,,,,97.8,67.7,26.8,2.526119403,65.2,17.86666667,45.13333333,1.5,1020.6,91.0,40.7,19.6,16.7,1.173652695,12.4,3.282258065,1.5806451609999999,1.346774194,45.3,,,,,,99.6,65.5,30.3,2.1617161719999998,0.1,99.7,55.1,40.8,1.350490196,0.2,33.9,4580,3450,510,350,4900.0,4370.0,40.0,140.0,1430.0,1150.0,70.0,120.0,5.64,0.55,1.37,19.96,0.75,0.75,0.14,0.87,2.05,0.24,0.24,0.26,15.7,242.93,4.15,0.55,1.62,19.96,0.75,0.75,0.14,1.27,3.33,1.74,0.24,0.26,14.61,230.1,14.64,0.55,1.52,19.96,0.75,0.75,0.14,1.31,4.8,3.95,0.24,0.26,12.33,,117.82,0.55,4.72,19.96,0.75,0.75,0.14,3.49,5.63,22.74,0.24,0.26,14.19,285.26
675,0,1.0,1.0,1.0,0.0,1.0,1.0,80.0,82.2,17.0,4.835294118,1.0,0.0,2.0,0.0,2.0,60.0,215.7,4009.0,3621.0,52840.0,1.0,1.0,91.6,16.4,55.0,0.297989031,12.37837838,7.432432432000001,2.216216216,7.4,93.0,32.8,40.2,0.825,14.30769231,6.184615385,5.046153846,6.5,85.5,16.0,47.2,0.33974359,5.777027027000001,3.189189189,1.081081081,14.8,844.7,68.0,73.0,11.4,44.4,0.256756757,6.1,11.96721311,1.868852459,7.278688525,88.5,,,,,3.9,99.6,66.2,30.3,2.184818482,0.1,99.8,62.4,35.2,1.772727273,0.1,29.6,4820,2220,1990,570,2150.0,2050.0,60.0,10.0,480.0,70.0,370.0,10.0,5.89,0.54,2.71,19.46,0.29,0.71,0.12,1.68,15.44,0.61,0.25,0.31,16.32,494.46,16.15,0.54,3.62,23.36,0.29,0.76,0.26,5.99,38.48,4.68,0.56,1.56,10.91,504.09,47.91,0.54,3.5,23.36,0.29,0.71,0.12,7.28,56.01,10.79,0.25,0.28,8.26,551.28,,,,,,,,,,,,,,
685,0,0.0,0.0,1.0,0.0,0.0,1.0,2.6,71.5,18.9,3.783068783,0.0,0.0,1.0,0.0,0.0,12.9,88.1,,,,0.0,0.0,68.6,19.5,46.7,0.417670683,2.212903226,1.506451613,0.629032258,31.0,89.4,61.5,27.3,2.2527472530000003,8.94,2.73,6.15,10.0,,,,,,,,,,,38.5,11.5,25.4,0.45275590600000004,21.1,1.82464455,0.5450236970000001,1.203791469,89.9,,,,,34.4,98.2,38.0,41.8,0.9090909090000001,1.0,99.3,36.3,44.0,0.825,,34.7,5610,3660,930,700,2130.0,1890.0,40.0,90.0,,,,,37.41,0.49,3.82,37.11,0.23,0.99,0.13,1.76,9.63,1.59,0.34,0.77,19.56,,80.15,0.49,4.04,31.56,0.23,0.92,0.13,1.54,25.55,2.76,0.27,0.77,11.02,,70.52,0.49,4.74,29.95,0.23,0.91,0.13,5.44,43.94,4.6,0.27,0.77,8.19,,127.6,0.49,5.52,40.0,0.44,1.13,0.13,12.31,67.61,4.36,0.46,0.77,7.25,
700,0,1.0,1.0,0.0,1.0,0.0,1.0,52.0,9.0,2.8,3.214285714,1.0,0.0,1.0,1.0,2.0,2.2,263.1,1942.0,1569.0,6061.0,1.0,1.0,89.8,35.7,53.7,0.669491525,29.93333333,17.9,11.9,3.0,83.8,23.3,56.5,0.415929204,6.028776978,4.0647482010000004,1.676258993,13.9,96.0,40.2,54.7,0.738562092,45.71428571,26.04761905,19.14285714,2.1,71.9,81.2,37.3,13.6,22.3,0.609865471,2.8,13.32142857,4.8571428569999995,7.964285714,87.7,94.2,35.6,58.2,0.611683849,0.6,99.8,31.0,67.8,0.457227139,0.0,99.9,25.6,72.5,0.353103448,0.0,26.7,650,350,230,0,730.0,390.0,180.0,20.0,1170.0,80.0,430.0,0.0,11.14,1.54,3.56,25.24,0.28,0.72,0.12,8.45,47.16,0.39,0.26,0.31,11.19,603.04,,1.28,5.16,25.24,0.28,0.72,0.12,6.98,59.44,0.99,0.26,0.33,22.76,883.5,39.94,0.92,4.95,30.35,0.31,0.72,0.12,19.42,125.91,8.12,0.26,0.31,27.18,1578.32,,,,130.52,,,,,,,,,,
701,0,0.0,1.0,1.0,1.0,0.0,0.0,50.0,,,,1.0,0.0,1.0,1.0,1.0,0.3,81.8,2611.0,1516.0,4750.0,0.0,1.0,40.3,15.2,23.7,0.640449438,2.8181818180000002,1.6573426569999998,1.062937063,14.3,,,,,,,,,97.9,68.3,27.1,2.526315789,69.92857143,19.35714286,48.78571429,1.4,573.8,62.0,37.2,13.5,21.2,0.636792453,7.4,5.027027027,1.824324324,2.864864865,81.0,92.2,37.6,53.7,0.70018622,2.5,99.7,77.4,21.9,3.534246575,0.2,99.7,76.3,23.0,3.3173913039999996,0.04,39.0,3650,1820,1500,240,360.0,280.0,70.0,10.0,270.0,200.0,60.0,10.0,11.09,0.54,1.96,29.16,0.29,0.71,0.12,0.57,11.64,1.83,0.25,0.26,17.34,327.41,3.75,0.54,2.22,29.16,0.29,0.71,0.12,1.22,13.86,0.99,0.25,0.26,16.18,314.39,47.39,0.54,2.76,29.16,0.29,0.71,0.12,2.11,10.29,7.35,0.25,0.26,17.35,345.36,307.12,0.88,6.92,53.31,0.29,0.71,0.12,18.49,33.36,140.49,0.25,0.49,24.63,636.88
718,0,1.0,1.0,0.0,1.0,1.0,0.0,58.3,28.6,1.3,22.0,1.0,0.0,1.0,1.0,2.0,12.3,255.5,1454.0,1291.0,8698.0,1.0,0.0,95.1,44.1,51.2,0.859375,23.775,12.8,11.025,4.0,95.5,42.3,49.2,0.859756098,23.875,12.3,10.575,4.0,,,,,,,,,34.9,36.0,91.2,40.8,47.9,0.85177453,4.1,22.24390244,9.951219512,11.68292683,89.5,97.3,44.0,51.8,0.849420849,0.4,99.8,69.4,30.2,2.298013245,0.0,99.9,68.2,31.5,2.165079365,0.0,46.8,680,320,330,0,3350.0,890.0,1250.0,0.0,990.0,90.0,430.0,0.0,3.27,0.54,10.49,46.47,0.29,1.07,0.12,13.93,19.62,1.14,0.25,0.42,18.9,2882.97,6.59,0.8,7.72,37.92,0.29,3.29,0.12,4.87,17.67,3.07,0.25,0.42,29.67,2591.68,121.07,0.88,6.95,43.45,0.3,0.9,0.12,24.54,47.22,75.9,0.25,0.42,65.05,3382.01,1490.51,1.91,20.56,128.18,1.2,0.71,2.04,1472.0,172.56,138.01,0.25,1.29,66.94,4961.22
728,1,,,,,,,,,,,,,,,,,,,,,,,26.4,12.5,12.5,1.0,,,,47.7,,,,,,,,,,,,,,,,,,,21.9,11.4,9.7,1.175257732,31.5,,,,,87.1,49.4,37.5,1.3173333329999999,9.3,,,,,,,,,,,,3420,2180,900,290,,,,,,,,,,,,,,,,,,,,,,,,,,,,,,,,,,,,,,,,,,,,,,,,,,,,,,,,,,,,,,,,
776,1,,,0.0,,,,,,,,1.0,,1.0,1.0,,,,,,,,,,,,,,,,,,,,,,,,,,,,,,,,,,,0.29,0.14,0.14,1.0,1.52,,,,,,,,,57.13,,,,,,,,,,,,34980,13570,4480,560,,,,,,,,,,,,,,,,,,,,,,,,,,,,,,,,,,,,,,,,,,,,,,,,,,,,,,,,,,,,,,,,
791,0,0.0,0.0,1.0,0.0,0.0,1.0,59.8,10.0,1.3,7.692307692000001,1.0,0.0,1.0,1.0,0.0,1.0,7.0,564.0,,,0.0,0.0,72.2,17.8,53.0,0.335648148,6.446428571,4.7321428569999995,1.589285714,11.2,,,,,,,,,,,,,,,,,0.8,0.2,54.75,13.01,39.81,0.326802311,6.63,8.257918552000001,1.9622926090000001,6.0045248870000005,88.03,93.25,23.23,69.14,0.33598495799999994,1.36,99.72,50.55,47.75,1.058638743,0.07,99.85,41.4,57.16,0.724282715,0.02,29.61,7060,4690,1780,390,5000.0,4650.0,30.0,150.0,,,,,,,,,,,,,,,,,,,,,,,,,,,,,,,,,,,,,,,,,,,,,,,,,,,,,,,,,,,,
805,0,0.0,1.0,1.0,1.0,1.0,1.0,90.0,56.7,17.6,3.2215909089999997,1.0,1.0,2.0,0.0,2.0,238.2,393.0,3522.0,2481.0,2780.0,0.0,0.0,73.3,10.5,55.4,0.19047619,2.797709924,2.1145038169999997,0.400763359,26.2,79.7,12.6,57.5,0.21739130399999998,4.1727748689999995,3.010471204,0.659685864,19.1,83.3,9.9,62.7,0.15789473699999998,5.20625,3.91875,0.61875,16.0,221.7,89.5,63.7,9.9,46.4,0.213362069,20.8,3.0625,0.47596153799999996,2.230769231,64.6,,,,,,99.3,60.8,36.1,1.684210526,0.5,99.7,56.9,41.8,1.3612440190000001,,28.5,1170,480,340,100,300.0,120.0,120.0,0.0,2710.0,30.0,2570.0,50.0,5.34,0.552,77.12,36.09,0.276,0.792,0.792,4.82,52.1,2.8,0.242,0.37,19.41,757.03,5.24,0.552,40.58,18.96,0.64,0.86,0.86,700.73,266.54,3.24,0.58,1.38,23.551,1016.24,6.82,0.552,104.16,35.04,0.58,0.792,0.792,37.66,114.92,5.89,0.242,0.74,21.861,839.36,31.66,0.552,76.03,27.64,0.276,0.87,0.87,12.57,81.07,15.94,0.242,0.29600000000000004,21.761999999999997,970.68
811,0,0.0,1.0,1.0,0.0,0.0,1.0,97.0,0.9,0.2,4.5,1.0,0.0,1.0,0.0,1.0,301.0,301.0,15515.0,,,0.0,0.0,78.3,42.9,36.0,1.19205298,3.658878505,1.6822429909999999,2.004672897,21.4,,,,,,,,,,,,,,,,,44.4,73.0,6.2,3.2,2.7,1.185185185,0.8,7.75,4.0,3.375,,,,,,,98.3,31.7,65.1,0.486943164,0.2,98.1,33.1,63.8,0.518808777,,41.2,9350,2660,1350,230,13370.0,190.0,190.0,0.0,4210.0,160.0,60.0,0.0,10.25,0.49,8.23,68.66,0.74,0.97,0.13,37.71,511.89,1.39,0.39,0.94,18.08,,21.06,0.84,6.13,68.54,1.0,0.97,0.13,8.25,258.52,3.52,0.27,1.25,14.01,,26.72,0.49,6.22,60.59,1.33,0.73,0.13,7.57,139.87,7.51,0.27,0.77,15.87,,262.57,0.53,11.4,126.52,0.43,0.88,0.13,16.46,287.12,40.33,0.27,1.1,27.39,
813,0,1.0,1.0,1.0,0.0,1.0,1.0,90.0,82.0,9.7,8.453608247,1.0,0.0,2.0,1.0,2.0,86.2,516.0,17298.0,13732.0,93502.0,1.0,1.0,75.8,29.0,43.7,0.663732394,15.79166667,9.104166667000001,6.041666667,4.8,27.3,12.8,12.0,1.066666667,13.65,6.0,6.4,2.0,73.8,41.7,26.3,1.585551331,56.76923077,20.23076923,32.07692308,1.3,1099.3,81.2,80.5,37.6,39.2,0.959183673,2.5,32.2,15.04,15.68,84.3,92.0,44.7,46.6,0.9592274679999999,0.7,99.8,56.3,42.5,1.324705882,0.1,99.8,49.9,49.5,1.0080808079999999,0.0621,42.9,1030,130,890,0,1270.0,120.0,160.0,40.0,290.0,70.0,120.0,0.0,45.65,0.55,7.86,24.07,0.28,1.58,0.13,46.66,263.88,3.13,0.24,0.91,36.17,785.5,361.11,2.3,11.83,44.1,0.28,7.69,0.13,78.36,313.1,27.68,0.24,0.81,52.78,1466.58,1417.69,1.52,12.27,75.66,0.35,2.18,0.13,37.72,327.63,210.8,0.24,0.99,50.51,1723.99,2800.0,1.34,12.67,125.3,0.7,1.85,0.13,72.62,583.17,467.75,0.24,1.61,46.65,2765.85
829,0,1.0,1.0,0.0,1.0,0.0,0.0,50.0,19.2,6.1,3.147540984,1.0,0.0,1.0,1.0,3.0,23.4,198.5,410.0,558.0,1820.0,1.0,1.0,59.6,31.5,18.1,1.7469879519999998,2.223880597,0.6753731340000001,1.175373134,26.8,76.7,57.1,16.0,3.5625,4.1236559139999995,0.8602150540000001,3.069892473,18.6,74.5,39.0,25.7,1.506666667,10.34722222,3.5694444439999997,5.416666667,7.2,739.9,83.0,39.9,18.4,11.9,1.546218487,13.0,3.069230769,1.415384615,0.915384615,88.4,89.2,55.2,31.7,1.741324921,6.0,99.3,93.3,5.1,18.29411765,0.1,99.8,92.5,6.4,14.453125,0.0,39.0,1140,350,460,170,1380.0,910.0,100.0,260.0,3100.0,990.0,290.0,290.0,2.88,0.54,2.02,24.28,0.27,0.7,0.11,0.74,8.83,1.41,0.27,0.25,12.53,,,0.54,6.89,24.28,0.32,0.7,0.11,2.55,8.8,9.7,0.27,0.25,5.59,,26.66,0.54,11.4,27.36,0.68,0.7,0.11,4.21,14.65,47.0,0.27,0.25,6.88,,474.86,1.06,13.54,38.84,0.74,0.7,0.11,11.53,32.41,77.24,0.27,0.25,8.78,
834,0,1.0,1.0,1.0,1.0,0.0,0.0,97.9,4.4,0.4,11.0,1.0,0.0,1.0,1.0,1.0,0.7,83.6,3908.0,3811.0,6784.0,1.0,0.0,89.9,76.3,12.4,6.1,10.1011236,1.393258427,8.573033707999999,8.9,,,,,,,,,98.4,85.2,8.7,9.793103448,65.6,5.8,56.8,1.5,0.5,0.4,64.3,55.4,7.2,7.694444444,4.7,13.68085106,11.78723404,1.531914894,90.1,95.9,85.0,9.8,8.673469388,0.9,99.7,94.8,4.9,19.34693878,0.1,99.9,94.8,5.1,18.58823529,0.0379,32.7,570,300,240,10,170.0,1.0,1.0,1.0,260.0,110.0,100.0,0.0,4.81,1.66,9.29,60.7,1.51,3.59,0.12,4.74,997.11,9.29,0.25,5.41,18.48,1096.61,3.35,0.54,4.64,36.33,0.29,1.18,0.12,6.48,46.57,7.64,0.25,0.52,14.5,891.23,10.68,1.5,7.65,49.39,1.38,5.37,0.12,5.88,852.65,9.3,0.32,6.4,16.66,854.97,12.75,1.33,7.19,34.22,7.21,1.96,0.12,9.36,53.62,12.18,0.25,0.66,14.44,821.82
859,0,1.0,1.0,1.0,0.0,1.0,1.0,100.0,,,,1.0,1.0,2.0,1.0,1.0,17.0,247.5,4418.0,7195.0,1877.0,0.0,1.0,73.0,37.3,34.6,1.077777778,2.744360902,1.30075188,1.402255639,26.6,,,,,,,,,,,,,,,,,1038.6,92.0,65.1,30.0,31.9,0.9404388709999999,15.9,4.094339623,1.8867924530000002,2.006289308,88.3,94.3,44.6,47.4,0.94092827,3.6,99.7,47.0,52.4,0.896946565,0.0,99.8,42.9,56.5,0.759292035,0.0,40.8,500,200,260,30,20.0,1.0,1.0,1.0,1190.0,0.0,1130.0,0.0,16.45,0.55,12.03,47.04,0.28,0.78,0.14,6.42,96.41,7.96,0.38,0.72,66.34,,11.0,0.88,7.28,73.3,0.28,0.97,0.14,10.8,125.54,9.45,0.24,0.31,34.71,,36.8,0.82,6.97,79.49,0.28,0.75,0.14,43.66,143.76,15.64,0.24,0.43,34.75,,990.71,1.8,27.42,270.57,3.68,0.75,1.55,1530.0,1198.0,109.87,2.67,3.69,57.25,
865,0,1.0,1.0,1.0,0.0,0.0,1.0,29.7,22.0,26.5,0.830188679,1.0,0.0,1.0,1.0,1.0,37.2,301.0,3808.0,4041.0,4265.0,1.0,0.0,70.3,29.9,38.9,0.768577495,4.421383648,2.446540881,1.880503145,15.9,,,,,,,,,,,,,,,,,0.0,1.0,63.4,27.1,33.7,0.804154303,7.6,8.342105262999999,3.565789474,4.434210526,43.6,94.3,46.2,48.2,0.9585062240000001,1.7,99.8,65.2,34.5,1.8898550719999998,0.0,99.9,58.9,40.8,1.443627451,0.0,32.5,9580,7360,1210,630,1310.0,1070.0,100.0,100.0,1110.0,270.0,340.0,200.0,,,,,,,,,,,,,,,,,,,,,,,,,,,,,,,,,,,,,,,,,,,,,,,,,,,,,,,,
867,0,0.0,1.0,1.0,1.0,1.0,1.0,30.0,91.4,8.6,10.62790698,1.0,0.0,1.0,1.0,1.0,41.5,116.7,7438.0,6013.0,7239.0,0.0,1.0,92.3,48.9,42.6,1.148148148,13.0,6.0,6.887323943999999,7.1,96.7,43.7,52.2,0.837164751,33.34482759,18.0,15.06896552,2.9,,,,,,,,,,,59.2,28.67,29.5,0.971864407,4.84,12.23140496,5.923553719,6.095041322,93.39,95.6,47.53,47.53,1.0,2.79,99.89,47.74,52.01,0.9179004040000001,0.05,99.97,39.16,60.53,0.646951925,0.01,32.05,11520,9930,950,210,440.0,330.0,60.0,0.0,910.0,520.0,190.0,190.0,,,,,,,,,,,,,,,,,,,,,,,,,,,,,,,,,,,,,,,,,,,,,,,,,,,,,,,,
885,0,1.0,1.0,1.0,1.0,0.0,0.0,93.3,5.0,0.8,6.25,1.0,1.0,2.0,1.0,2.0,35.9,301.0,512.0,12934.0,300190.0,1.0,1.0,74.8,32.1,37.3,0.8596112309999999,12.26229508,6.114754098,5.262295082,6.1,88.0,45.4,38.4,1.181818182,55.0,24.0,28.375,1.6,,,,,,,,,371.1,81.0,38.1,15.6,19.5,0.8,4.5,8.466666667,3.4666666669999997,4.333333333,92.5,94.6,41.6,51.8,0.803088803,2.8,99.8,48.0,51.4,0.93385214,0.07,99.9,48.4,51.3,0.943469786,0.04,36.3,7830,2510,1240,40,590.0,320.0,130.0,0.0,280.0,260.0,10.0,0.0,5.74,0.55,14.97,138.5,0.44,0.75,0.14,2.26,50.68,0.52,0.24,0.55,25.74,,,,23.48,,,,,,,,,,,,2800.0,62.99,23.56,343.36,5.01,3.79,1.32,858.35,1198.0,748.0,1.52,3.21,66.66,1738.51,2800.0,3.43,33.04,254.0,2.41,0.75,1.86,1235.04,747.07,36.64,2.71,3.33,24.92,3175.3
891,0,1.0,1.0,1.0,1.0,0.0,0.0,0.5,83.9,16.0,5.24375,0.0,1.0,1.0,1.0,2.0,4.6,216.7,4081.0,3886.0,10098.0,0.0,1.0,89.5,55.8,30.1,1.852348993,8.689320387999999,2.9223300969999997,5.417475727999999,10.3,,,,,,,,,96.0,75.8,17.7,4.333333333,22.85714286,4.214285714,18.04761905,4.2,1776.2,90.0,59.5,35.8,20.7,1.729468599,8.1,7.345679012000001,4.419753086,2.555555556,90.2,90.2,60.1,29.1,2.065292096,1.3,99.7,89.1,10.4,8.567307692,0.1,99.9,87.8,11.8,7.440677966,0.0449,53.2,3720,2990,260,190,2130.0,2070.0,20.0,20.0,1230.0,530.0,200.0,170.0,32.35,0.54,3.28,22.88,0.29,1.05,0.12,4.05,12.49,1.08,0.25,0.25,20.9,301.0,20.72,0.54,2.99,22.88,0.29,0.71,0.12,4.8,23.23,0.94,0.25,0.25,11.47,301.55,7.6,0.54,3.59,28.24,0.29,0.71,0.12,2.14,21.92,2.33,0.25,0.26,10.22,330.31,83.62,0.31,10.41,51.15,0.29,0.71,0.12,4.91,51.74,21.5,0.25,0.26,11.07,371.05
900,1,,,1.0,,,,,,,,1.0,,1.0,1.0,,,,,,,,,62.1,27.7,28.4,0.9765625,,,,34.7,,,,,,,,,,,,,,,,,,,19.41,7.06,9.77,0.722620266,5.63,,,,,86.04,40.93,44.83,0.913004684,2.91,,,,,,,,,,,,2540,1030,430,820,,,,,,,,,,,,,,,,,,,,,,,,,,,,,,,,,,,,,,,,,,,,,,,,,,,,,,,,,,,,,,,,
909,0,0.0,1.0,1.0,0.0,0.0,1.0,20.0,56.7,20.4,2.779411765,1.0,0.0,1.0,1.0,1.0,2.2,143.5,616.0,538.0,403.0,0.0,1.0,92.7,63.3,30.6,2.065217391,14.9516129,4.935483871000001,10.20967742,6.2,94.0,72.1,19.9,3.623115578,15.40983607,3.262295082,11.81967213,6.1,,,,,,,,,545.9,78.0,65.5,40.4,21.0,1.9238095240000002,10.4,6.298076922999999,3.884615385,2.019230769,95.6,97.2,60.5,36.3,1.6666666669999999,1.0,99.9,67.9,30.3,2.2409240919999998,0.0,99.9,66.6,32.0,2.08125,0.0,22.4,1490,390,830,190,1380.0,1160.0,90.0,90.0,450.0,50.0,110.0,180.0,,,,,,,,,,,,,,,,,,,,,,,,,,,,,,,,,,,,,,,,,,,,,,,,,,,,,,,,
927,0,0.0,1.0,0.0,1.0,1.0,0.0,98.2,0.5,0.1,5.0,1.0,0.0,1.0,1.0,4.0,0.5,301.0,2983.0,2521.0,19702.0,1.0,1.0,86.3,55.6,28.7,1.6956521740000001,7.016260162999999,2.333333333,4.5203252030000005,12.3,,,,,,,,,,,,,,,,,2858.6,85.0,37.5,21.2,14.5,1.462068966,3.1,12.09677419,6.838709677000001,4.677419355,85.6,94.1,58.4,35.0,1.668571429,2.2,99.8,76.0,23.6,3.220338983,0.1,99.9,76.2,23.4,3.256410256,0.024,47.8,5130,1990,2020,380,1400.0,1290.0,60.0,0.0,120.0,1.0,1.0,1.0,63.02,0.54,6.2,31.81,0.29,0.71,0.12,10.96,39.73,2.22,0.27,0.25,34.75,,,0.54,2.13,29.36,0.29,0.71,0.12,7.6,45.33,2.58,0.25,0.25,28.13,366.68,102.9,1.68,4.1,29.36,0.29,0.8,0.12,27.58,81.76,55.97,0.25,0.25,37.18,434.23,2720.83,13.4,15.84,17.64,1.71,1.64,2.25,1260.89,517.78,714.65,4.54,1.99,41.82,686.93
930,0,0.0,1.0,1.0,0.0,0.0,1.0,99.0,8.5,1.1,7.727272727000001,1.0,0.0,1.0,1.0,1.0,8.3,156.7,806.0,457.0,841.0,0.0,1.0,72.2,47.5,21.0,2.2671755730000003,8.022222222,2.333333333,5.277777778,9.0,,,,,,,,,95.9,76.3,17.7,4.416666667,73.76923077,13.61538462,58.69230769,1.3,388.7,63.0,58.1,36.9,18.1,2.038674033,5.2,11.17307692,7.096153846,3.480769231,88.9,94.6,63.9,30.5,2.095081967,1.5,99.8,73.7,25.8,2.8565891469999998,0.1,99.7,70.7,28.7,2.4634146340000003,0.0479,37.9,4260,2420,1260,460,980.0,870.0,70.0,10.0,260.0,100.0,90.0,10.0,16.09,0.54,7.98,27.4,0.28,0.7,0.14,2.43,14.23,1.16,0.25,0.24,19.38,533.5,,1.02,3.24,27.4,0.28,0.7,0.14,14.88,32.75,4.94,0.25,0.24,29.97,534.5,188.08,0.75,4.25,27.4,0.28,0.7,0.14,9.55,53.0,44.31,0.25,0.5,27.55,775.0,169.46,1.06,6.25,30.39,0.28,0.7,0.14,26.52,64.17,38.07,0.25,0.24,21.04,1163.4
934,0,0.0,1.0,1.0,1.0,0.0,1.0,27.0,6.6,4.4,1.5,1.0,1.0,2.0,0.0,1.0,65.9,301.0,521.0,1013.0,3554.0,0.0,1.0,74.8,55.9,20.2,2.746268657,3.169491525,0.855932203,2.368644068,23.6,,,,,,,,,,,,,,,,,8.6,13.0,50.6,35.9,13.3,2.69924812,13.6,3.720588235,2.639705882,0.977941176,61.9,,,,,,99.4,77.9,21.0,3.70952381,0.4,99.6,75.5,23.6,3.1991525419999998,,18.0,3880,2900,330,300,2140.0,2120.0,0.0,0.0,560.0,490.0,20.0,0.0,12.78,0.47,14.12,63.91,0.5,0.9,0.9,34.93,10.17,2.46,0.43,0.8,29.02,466.81,105.72,7.15,7.94,90.22,0.45,9.23,9.23,208.08,76.21,19.96,0.69,1.39,45.58,618.47,229.57,5.51,10.82,135.91,0.72,2.3,2.3,322.91,168.07,31.68,1.35,1.58,39.97,844.52,60.91,1.06,7.39,61.62,0.27,1.44,1.44,58.33,74.84,13.9,0.36,0.8,27.0,1336.93
951,0,0.0,1.0,0.0,1.0,0.0,1.0,90.0,,,,1.0,0.0,1.0,1.0,1.0,6.6,283.8,1299.0,20361.0,16940.0,0.0,0.0,86.5,30.6,52.3,0.583333333,6.9758064520000005,4.217741935,2.467741935,12.4,91.6,23.4,65.8,0.35562309999999997,10.77647059,7.741176471,2.752941176,8.5,88.6,21.4,65.0,0.32917532899999996,7.771929825,5.701754386,1.877192982,11.4,14.9,10.7,18.2,6.2,11.3,0.548672566,2.7,6.740740741000001,2.296296296,4.185185185,84.4,94.4,34.7,59.5,0.583193277,3.1,99.1,74.7,23.1,3.233766234,0.5,99.6,73.3,25.5,2.8745098039999997,0.0935,16.3,3320,2030,400,210,2280.0,1910.0,110.0,10.0,1280.0,1060.0,70.0,30.0,1.04,0.54,1.88,24.68,0.28,0.7,0.11,5.22,7.83,0.4,0.25,0.24,10.74,205.08,,0.54,2.68,24.68,0.28,0.7,0.11,20.01,121.65,7.77,0.25,0.33,9.52,212.27,6.08,0.54,2.4,26.12,0.36,0.71,0.12,43.84,71.66,6.2,0.25,0.27,10.17,282.49,,,,,,,,,,,,,,
954,0,1.0,1.0,0.0,0.0,0.0,0.0,75.0,56.8,6.8,8.352941176,1.0,0.0,1.0,1.0,3.0,7.4,296.8,1649.0,3770.0,170068.0,1.0,1.0,91.3,42.6,47.2,0.902877698,11.13414634,5.756097561,5.195121951,8.2,93.7,42.8,49.6,0.867021277,19.12244898,10.12244898,8.734693878,4.9,96.7,27.4,68.9,0.39473684200000003,35.81481481,25.51851852,10.14814815,2.7,918.9,91.0,41.7,18.7,21.5,0.869767442,5.3,7.867924528,3.528301887,4.056603774,89.1,95.0,43.2,51.0,0.8470588240000001,0.9,99.4,53.6,45.5,1.178021978,0.0,99.4,52.3,46.8,1.117521368,0.0,35.0,4810,3540,660,520,9220.0,7810.0,240.0,140.0,2530.0,2180.0,170.0,0.0,0.71,0.54,17.48,29.36,0.43,0.71,0.12,0.6,3.74,4.93,0.25,0.25,22.53,341.99,,0.54,20.53,38.44,2.02,0.95,0.12,20.31,21.06,58.96,0.25,0.31,26.54,513.36,2900.0,1.67,39.82,161.67,14.98,1.62,7.83,1472.0,1148.0,424.24,16.45,5.39,36.37,930.8,2018.99,0.54,58.8,530.26,17.74,2.72,27.07,1472.0,1148.0,706.98,20.9,9.37,37.95,4373.75
985,0,1.0,1.0,0.0,0.0,1.0,1.0,85.0,88.9,9.4,9.457446809,1.0,0.0,1.0,1.0,2.0,6.8,234.5,9605.0,6006.0,26012.0,1.0,1.0,83.9,40.0,40.7,0.981818182,5.746575342000001,2.787671233,2.7397260269999997,14.6,95.6,57.1,33.8,1.68852459,23.9,8.45,14.275,4.0,97.7,70.6,23.6,3.028571429,46.52380952,11.23809524,33.61904762,2.1,,,69.2,30.8,35.1,0.877492877,5.6,12.35714286,5.5,6.267857143,93.6,93.6,45.8,47.5,0.9642105259999999,2.5,99.8,53.1,46.4,1.1443965520000001,0.1,99.8,44.8,54.8,0.817518248,0.1,30.8,5600,4230,850,360,1080.0,820.0,100.0,40.0,350.0,100.0,130.0,40.0,1.12,0.54,2.21,23.36,0.29,0.71,0.12,8.45,18.1,0.99,0.25,0.28,13.33,751.75,3.27,0.54,2.58,23.36,0.29,0.71,0.12,2.98,47.01,1.07,0.25,0.28,8.65,788.08,24.44,0.54,3.39,27.29,0.29,0.71,0.12,8.97,63.93,5.75,0.25,0.49,10.46,807.92,115.25,0.54,6.37,56.29,0.29,0.71,0.12,29.58,105.35,45.08,0.25,0.76,15.81,1269.76
988,0,0.0,1.0,1.0,1.0,0.0,0.0,77.0,12.8,5.9,2.169491525,1.0,0.0,2.0,0.0,1.0,3.9,301.0,5300.0,3362.0,33468.0,0.0,1.0,57.5,29.8,26.7,1.115384615,2.3279352230000003,1.08097166,1.206477733,24.7,71.1,41.8,29.3,1.428571429,3.572864322,1.4723618090000001,2.100502513,19.9,,,,,,,,,762.1,64.0,27.8,14.1,12.7,1.11023622,11.0,2.5272727269999997,1.281818182,1.154545455,,,,,,,96.1,63.2,32.0,1.975,,99.6,51.1,48.1,1.062370062,,23.1,2650,1090,780,110,1090.0,1000.0,40.0,20.0,820.0,590.0,200.0,20.0,10.97,0.47,6.78,50.3,0.27,1.22,1.22,5.93,17.02,3.87,0.29,0.82,20.43,726.37,28.83,1.1,5.34,36.19,0.27,1.67,1.67,4.83,20.01,6.77,0.29,0.82,11.6,713.52,148.78,0.98,7.69,47.02,0.27,0.87,0.87,8.11,19.22,19.18,0.29,0.82,12.25,887.43,177.42,0.81,13.22,111.75,0.78,2.19,2.19,90.34,72.89,60.6,0.49,0.82,12.78,1389.2
